show,season,yearWatched,source,tmdb_id,kind
The Vagrant Queen,1,2020,TV,99412,regular
Legion,1,2020,Disney+,67195,regular
Legion,2,2020,Disney+,67195,regular
Legion,3,2020,Disney+,67195,regular
Helstrom,1,2021,Apple TV,88987,regular
Foundation,1,2021,Apple TV,93740,regular
Squid Game,1,2021,Netflix,93405,regular
Andor,1,2022,Disney+,83867,regular
Moon Knight,1,2022,Disney+,92749,limited
The Peripheral,1,2022,Amazon Prime Video,95403,limited
The Sandman,1,2022,Netflix,90802,regular
Ms. Marvel,1,2022,Disney+,92782,limited
She-Hulk: Attorney at Law,1,2022,Disney+,92783,limited
Extrapolations,1,2023,Apple TV,138169,limited
Silo,1,2023,Apple TV,125988,regular
Black Mirror,6,2023,Netflix,42009,regular
Secret Invasion,1,2023,Disney+,114472,limited
Star Trek: Strange New Worlds,2,2023,SkyShowTime,103516,regular
Futurama,8,2023,Disney+,615,regular
Disenchantment,3,2023,Netflix,73021,regular
The Simpsons,34,2023,Disney+,456,regular
Loki,2,2023,Disney+,84958,regular
All the light we cannot see,1,2023,Netflix,155421,limited
Scott Pilgrim Takes Off,1,2023,Netflix,155292,limited
What..If?,2,2023,Disney+,91363,regular
Echo,1,2024,Disney+,122226,limited
3 Body Problem,1,2024,Netflix,108545,regular
Fallout,1,2024,Amazon Prime Video,106379,regular
Baby Reindeer,1,2024,Netflix,241259,limited
Star Wars:Tales of the Empire,1,2024,Disney+,251091,limited
X-Men'97,1,2024,Disney+,138502,regular
Sweet Tooth,2,2024,Netflix,103768,regular
Sweet Tooth,3,2024,Netflix,103768,regular
The Acolyte,1,2024,Disney+,114479,limited
Batman: Caped Crusader,1,2024,Amazon Prime Video,125909,regular
The Decameron,1,2024,Netflix,250162,limited
Knuckles,1,2024,SkyShowtime,158300,regular
Futurama Season 12,9,2024,Disney+,615,regular
Terminator Zero,1,2024,Netflix,239287,limited
The Lord of the Rings: The Rings of Power,2,2024,Amazon Prime Video,84773,regular
Agatha All Along,1,2024,Disney+,138501,limited
Uzumaki,1,2024,Max,93241,limited
The Penguin,1,2024,Max,194764,limited
BrickToons,1,2024,Disney+,262153,regular
Marvel's Hit-Monkey,2,2024,Disney+,133903,regular
Hot Wheels Let's Race,1,2024,Netflix,235995,regular
Hot Wheels Let's Race,2,2024,Netflix,235995,regular
Shatter Belt,1,2024,FILMIN,222028,limited
The Simpsons,35,2024,Disney+,456,regular
La Ultima Noche en Tremore Beach,1,2024,Netflix,242879,limited
Scavengers Reign,1,2024,Max,204154,limited
Astronauta,1,2024,Max,215580,limited
What..If?,3,2024,Disney+,91363,regular
Cien Años de Soledad,1,2025,Netflix,207333,regular
Creature Commandos,1,2025,Netflix,219543,regular
Squid Game,2,2025,Netflix,93405,regular
Silo,2,2025,Apple TV,125988,regular
Cassandra,1,2025,Netflix,248982,limited
Your Friendly Neighborhood Spider-Man,1,2025,Disney+,138503,regular
Severance,1,2025,Apple TV,95396,regular
Hot Wheels Let's Race,3,2025,Netflix,235995,regular
Severance,2,2025,Apple TV,95396,regular
Common Side Effects,1,2025,MAX,228878,limited
House of David,1,2025,Amazon Prime Video,243881,regular
Black Mirror,7,2025,Netflix,42009,regular
Daredevil: Born Again,1,2025,Disney+,202555,regular
Tron: Uprising,1,2025,Alternative,34356,limited
Andor,2,2025,Disney+,83867,regular
"Star Wars: Tales of the underworld",1,2025,Disney+,288055,limited
"Love, Death & Robots",4,2025,Netflix,86831,regular
Iron Heart,1,2025,Disney+,114471,limited
Squid Game,3,2025,Netflix,93405,regular
Murderbot,1,2025,Apple TV,241554,regular
The Sandman,2,2025,Netflix,90802,regular
Eyes of Wakanda,1,2025,Disney+,241388,limited
Alien: Earth,1,2025,Disney+,157239,regular
Futurama,10,2023,Disney+,615,regular
aka Charlie Sheen,1,2025,Netflix,298234,limited
Marvel Zombies,1,2025,Disney+,138505,limited
"Star Trek: Strange New Worlds",3,2025,SkyShowTime,103516,regular
The Simpsons,36,2025,Disney+,456,regular
Wonderman,1,2026,Disney+,198178,regular
The Office,1,2026,SkyShowTime,2316,regular
The Office,2,2026,SkyShowTime,2316,regular
The Office,3,2026,Disney+,2316,regular
The Office,4,2026,Disney+,2316,regular
The Office,5,2026,Disney+,2316,regular
The Office,6,2026,Disney+,2316,regular
The Office,7,2026,Disney+,2316,regular
The Office,8,2026,Disney+,2316,regular
The Office,9,2026,Disney+,2316,regular
"Star Wars: Maul - Shadow Lord",1,2026,Disney+,289219,limited
Daredevil: Born Again,2,2026,Disney+,202555,regular
X-Men'97,2,2026,Disney+,138502,regular
Silo,3,2026,Apple TV,125988,regular
Batman: Caped Crusader,2,2026,Amazon Prime Video,125909,regular
"Star Wars: Visions Presents - The Ninth Jedi",1,2026,Disney+,289324,limited
"Star Trek: Strange New Worlds",4,2025,SkyShowTime,103516,regular